label,intensidade,simetria
0,145.43529411764706,142.88235294117646
0,118.5764705882353,126.72549019607843
0,127.6,114.95686274509804
0,138.04705882352943,141.50980392156862
0,146.2156862745098,141.73333333333332
0,128.07450980392156,149.37254901960785
0,136.9764705882353,113.8313725490196
0,131.24313725490197,114.13725490196079
0,142.94509803921568,145.8
0,129.09803921568627,130.1450980392157
0,128.87058823529412,146.73333333333332
0,130.61176470588236,152.13725490196077
0,129.3921568627451,123.88627450980393
0,137.51764705882354,115.54509803921569
0,157.80392156862746,120.61176470588235
0,126.28627450980392,91.1843137254902
0,131.41960784313724,103.66666666666667
0,140.28235294117647,133.79607843137254
0,148.41960784313724,113.4
0,136.99607843137255,142.8
0,140.16470588235293,116.4078431372549
0,154.2549019607843,134.4313725490196
0,126.56862745098039,139.06274509803922
0,129.64313725490197,136.09411764705882
0,132.5843137254902,83.39607843137254
0,127.16078431372549,156.26666666666668
0,151.49803921568628,134.87843137254902
0,135.7019607843137,124.3921568627451
0,145.4156862745098,102.00392156862745
0,134.79607843137254,147.01568627450982
0,147.81176470588235,119.05098039215686
0,136.4156862745098,129.25098039215686
0,154.3921568627451,139.23529411764707
0,135.67843137254903,92.69019607843137
0,136.72549019607843,114.32941176470588
0,157.16470588235293,134.0313725490196
0,129.92156862745097,127.5921568627451
0,141.8235294117647,150.79607843137254
0,147.66666666666666,142.41960784313724
0,125.41176470588235,125.96078431372548
0,142.3764705882353,136.66666666666666
0,155.4470588235294,138.8549019607843
0,144.82745098039214,136.94901960784313
0,134.54901960784315,114.40392156862745
0,136.45490196078433,124.58431372549019
0,132.77254901960785,163.74117647058824
0,151.50980392156862,117.23137254901961
0,139.06666666666666,116.52156862745097
0,123.54901960784314,136.77254901960785
0,123.52156862745097,91.81960784313725
0,120.43529411764706,144.35686274509803
0,150.0392156862745,89.2235294117647
0,123.32156862745099,141.2980392156863
0,143.0705882352941,128.22745098039215
0,133.3921568627451,113.28627450980392
0,118.90980392156862,127.11372549019607
0,141.2,125.13725490196079
0,146.72549019607843,140.90196078431373
0,142.38039215686274,145.2156862745098
0,116.3921568627451,124.41176470588235
0,122.2392156862745,144.50980392156862
0,151.91764705882352,108.74901960784314
0,142.04705882352943,136.23921568627452
0,129.10196078431372,152.45098039215685
0,122.84705882352941,109.21960784313725
0,154.10588235294117,155.7058823529412
0,127.88627450980393,102.94117647058823
0,145.53725490196078,117.2392156862745
0,131.93333333333334,127.2078431372549
0,133.1843137254902,106.35686274509804
0,138.37254901960785,119.29411764705883
0,123.70588235294117,116.24705882352941
0,128.37254901960785,149.41960784313724
0,141.23529411764707,102.49803921568628
0,134.1607843137255,117.41568627450981
0,141.5686274509804,100.97647058823529
0,133.30196078431374,140.7450980392157
0,142.22745098039215,118.16470588235295
0,153.62745098039215,140.81176470588235
0,133.7686274509804,115.88235294117646
0,123.87450980392157,137.10980392156864
0,139.81176470588235,111.50588235294117
0,129.75294117647059,139.8392156862745
0,125.86666666666666,158.8392156862745
0,150.40392156862745,142.6313725490196
0,152.46274509803922,154.1529411764706
0,123.43137254901961,122.90196078431373
0,130.93725490196078,149.4156862745098
0,115.31764705882352,125.73725490196078
0,143.68235294117648,66.55294117647058
0,124.23529411764706,86.47058823529412
0,129.1921568627451,127.08235294117647
0,114.32941176470588,111.3529411764706
0,124.26274509803922,137.76078431372548
0,115.89803921568627,136.7450980392157
0,136.45490196078433,126.65098039215687
0,138.24705882352941,136.2
0,152.5843137254902,136.60392156862744
0,121.54509803921569,140.87450980392157
0,118.07843137254902,154.31764705882352
0,121.3529411764706,105.73725490196078
0,128.41960784313724,126.97254901960784
0,137.6235294117647,148.23529411764707
0,118.29019607843138,92.25098039215686
0,127.19607843137256,140.53725490196078
0,123.91764705882353,130.91372549019607
0,153.04705882352943,127.78823529411764
0,138.45882352941177,142.91764705882352
0,128.61960784313726,93.38823529411765
0,130.3686274509804,157.04705882352943
0,129.7019607843137,142.7686274509804
0,119.60392156862746,125.34901960784313
0,157.2941176470588,134.46666666666667
0,145.6705882352941,151.3372549019608
0,128.2235294117647,105.3686274509804
0,140.23529411764707,117.37254901960785
0,132.1764705882353,131.9294117647059
0,140.8,138.90980392156862
0,156.6156862745098,128.88235294117646
0,121.18039215686275,122.49019607843137
0,120.43137254901961,137.6705882352941
0,155.8,141.0078431372549
0,134.85882352941175,114.34509803921569
0,140.10196078431372,133.34509803921569
0,121.94117647058823,133.7764705882353
0,150.58039215686276,111.91764705882353
0,133.38039215686274,131.06666666666666
0,156.13333333333333,141.21176470588236
0,140.97254901960784,138.54901960784315
0,120.8078431372549,127.56862745098039
0,118.05098039215686,109.0
0,145.01176470588234,122.83921568627451
0,134.07450980392156,145.09019607843138
0,157.06666666666666,90.91764705882353
0,118.07058823529412,106.91764705882353
0,151.58039215686276,120.06666666666666
0,141.21960784313725,145.16862745098038
0,128.35686274509803,146.6392156862745
0,122.03529411764706,133.89411764705883
0,112.87843137254902,146.69411764705882
0,144.90980392156862,106.62745098039215
0,128.31764705882352,141.3372549019608
0,138.2156862745098,141.1764705882353
0,142.37254901960785,143.05882352941177
0,122.27058823529411,140.72549019607843
0,118.69411764705882,118.67058823529412
0,136.27058823529413,128.7686274509804
0,120.58431372549019,148.5843137254902
0,124.71764705882353,92.95294117647059
0,138.30196078431374,143.73333333333332
0,148.33333333333334,122.5921568627451
0,124.49411764705883,107.21176470588236
0,130.05882352941177,136.4392156862745
0,148.8078431372549,114.35686274509804
0,121.41176470588235,119.3843137254902
0,151.4156862745098,101.30980392156863
0,158.1921568627451,109.6156862745098
0,138.41960784313724,88.85490196078432
0,143.93725490196078,149.27843137254902
0,131.27843137254902,129.06666666666666
0,138.98039215686273,138.28235294117647
0,118.73725490196078,108.61960784313726
0,150.4470588235294,144.9607843137255
0,142.6,80.32549019607843
0,142.25098039215686,77.56862745098039
0,142.93333333333334,145.01960784313727
0,120.61960784313726,110.44705882352942
0,154.82745098039214,129.5529411764706
0,150.90588235294118,118.20392156862745
0,114.95294117647059,132.10588235294117
0,130.2980392156863,142.6313725490196
0,151.1607843137255,99.7607843137255
0,119.25882352941177,117.52156862745097
0,131.33333333333334,140.50980392156862
0,140.98431372549018,93.53725490196078
0,145.06274509803922,139.50980392156862
0,118.10196078431373,152.58823529411765
0,114.87450980392157,147.18823529411765
0,150.49411764705883,131.43529411764706
0,144.73333333333332,111.78823529411764
0,121.52549019607844,101.62352941176471
0,144.4156862745098,118.6313725490196
0,149.01568627450982,143.14901960784314
0,131.61960784313726,148.52941176470588
0,128.05098039215687,102.14901960784314
0,116.05098039215686,130.3764705882353
0,155.35294117647058,143.32156862745097
0,131.68235294117648,138.6
0,155.05882352941177,139.21960784313725
0,142.53333333333333,128.3372549019608
0,137.32549019607842,133.53725490196078
0,126.80392156862744,107.23529411764706
0,126.07843137254902,125.51372549019608
0,142.57647058823528,132.00392156862745
0,135.75294117647059,130.05882352941177
0,136.57647058823528,116.45490196078431
0,125.7607843137255,121.8
0,145.64313725490197,134.90588235294118
0,143.05882352941177,105.22745098039216
0,128.13725490196077,68.01960784313725
0,152.58039215686276,130.93333333333334
0,115.00784313725491,138.87058823529412
0,144.74117647058824,139.22745098039215
0,131.06274509803922,123.0156862745098
0,152.6,146.60392156862744
0,147.0705882352941,139.44313725490196
0,152.7019607843137,140.1607843137255
0,127.7764705882353,92.27843137254902
0,137.72549019607843,142.48627450980393
0,124.32941176470588,139.83137254901962
0,141.65882352941176,145.81960784313725
0,129.3921568627451,102.23137254901961
0,138.25098039215686,132.1450980392157
0,147.70980392156864,110.47843137254903
0,144.0392156862745,75.36470588235294
0,121.99215686274509,147.27058823529413
0,135.31764705882352,139.24705882352941
0,137.8392156862745,109.85490196078432
0,121.03137254901961,163.60392156862744
0,133.45490196078433,110.73333333333333
0,150.3294117647059,150.90588235294118
0,141.1607843137255,121.2078431372549
0,123.72941176470589,151.89019607843136
0,133.8235294117647,141.8
0,156.06666666666666,126.7921568627451
0,141.0392156862745,87.79607843137255
0,117.2156862745098,145.15686274509804
0,158.85098039215686,131.6
0,133.69803921568626,151.09411764705882
0,137.07843137254903,155.8235294117647
0,122.81176470588235,139.76470588235293
0,129.6392156862745,133.06666666666666
0,140.53333333333333,153.43529411764706
0,125.74117647058823,91.79607843137255
0,149.84313725490196,124.8
0,120.2,123.71372549019608
0,126.50588235294117,142.86666666666667
0,153.25882352941176,102.4235294117647
0,140.16862745098038,140.06666666666666
0,122.13333333333334,136.57254901960783
0,149.94509803921568,120.05490196078432
0,145.86666666666667,88.01176470588236
0,125.21960784313725,149.8
0,125.87058823529412,138.68235294117648
0,136.06666666666666,97.94901960784314
0,124.8156862745098,113.58039215686274
0,122.8156862745098,98.09019607843138
0,126.2078431372549,121.74901960784314
0,128.2627450980392,137.3294117647059
0,124.43529411764706,153.70980392156864
0,131.27843137254902,136.23921568627452
0,125.32941176470588,116.54117647058824
0,133.28235294117647,69.75294117647059
0,119.53725490196078,156.54509803921567
0,135.09411764705882,119.00784313725491
0,136.3843137254902,130.17254901960786
0,120.86666666666666,98.72549019607843
0,112.5921568627451,113.52941176470588
0,127.23137254901961,150.1529411764706
0,129.87058823529412,140.28627450980392
0,154.0705882352941,112.95686274509804
0,119.60392156862746,141.4156862745098
0,124.8078431372549,137.521568627451
0,126.71372549019608,128.21960784313725
0,152.0705882352941,124.03529411764706
0,115.95686274509804,128.26666666666668
0,146.38823529411764,141.55686274509804
0,130.2980392156863,124.28627450980392
0,134.53725490196078,134.76078431372548
0,117.67843137254901,133.53333333333333
0,124.19607843137256,115.86274509803921
0,132.0,139.01568627450982
0,119.69411764705882,125.04705882352941
0,120.98823529411764,140.31764705882352
0,140.69019607843137,119.90980392156862
0,139.04705882352943,75.64313725490196
0,133.99607843137255,112.38039215686274
0,112.74509803921569,125.83529411764705
0,134.10196078431372,135.0078431372549
0,120.07843137254902,132.78039215686275
0,118.58823529411765,135.05490196078432
0,148.69803921568626,139.3686274509804
0,143.26666666666668,101.5921568627451
0,119.72156862745098,144.45490196078433
0,136.78039215686275,155.98431372549018
0,137.06666666666666,89.49019607843137
0,146.07450980392156,102.45098039215686
0,119.94901960784314,132.32549019607842
0,154.01960784313727,132.87058823529412
0,134.08235294117648,142.45882352941177
0,143.22745098039215,108.26666666666667
0,128.38823529411764,114.30196078431372
0,145.49019607843138,140.89411764705883
0,131.05490196078432,131.50196078431372
0,132.65490196078431,93.69803921568628
0,139.30980392156863,142.27058823529413
0,120.61960784313726,134.01568627450982
0,127.29019607843138,131.7921568627451
0,151.54901960784315,148.30196078431374
0,146.79607843137254,109.04313725490196
0,145.4078431372549,150.81176470588235
0,116.03921568627452,120.24705882352941
0,117.3921568627451,110.52549019607844
0,131.07843137254903,103.13725490196079
0,132.6156862745098,99.72941176470589
0,138.09019607843138,97.72549019607843
0,115.87843137254902,108.02352941176471
0,144.53333333333333,112.46274509803922
0,139.2156862745098,148.65098039215687
0,151.2549019607843,100.73333333333333
0,138.0313725490196,107.35686274509804
0,144.54901960784315,109.92549019607843
0,123.04313725490196,134.76078431372548
0,139.36470588235295,136.89803921568628
0,136.72156862745098,121.78039215686275
0,127.13333333333334,108.37647058823529
0,152.1607843137255,98.96078431372548
0,140.22745098039215,90.7764705882353
0,131.6156862745098,126.85490196078432
0,143.9764705882353,146.98039215686273
0,128.9764705882353,131.71372549019608
0,130.28235294117647,153.19607843137254
0,132.07843137254903,124.71372549019608
0,149.3843137254902,136.01960784313727
0,118.6313725490196,152.2980392156863
0,119.37647058823529,115.34901960784313
0,151.32156862745097,126.68627450980392
0,132.10980392156864,117.32941176470588
0,124.74901960784314,126.84705882352941
0,140.05882352941177,130.0313725490196
0,127.72941176470589,102.14117647058823
0,152.07450980392156,124.74117647058823
0,139.49803921568628,123.1921568627451
0,120.28627450980392,136.75686274509803
0,150.19607843137254,107.07058823529412
0,133.07450980392156,153.34117647058824
0,140.29019607843136,130.20392156862746
0,131.12156862745098,90.2392156862745
0,127.90588235294118,101.07843137254902
0,117.74117647058823,114.85098039215686
0,122.44705882352942,115.90980392156862
0,153.0313725490196,122.24313725490197
0,148.3607843137255,153.9686274509804
0,136.15686274509804,71.69019607843137
0,154.18823529411765,126.43137254901961
0,130.78823529411764,123.83921568627451
0,131.85098039215686,91.62352941176471
0,122.62745098039215,165.1450980392157
0,122.30196078431372,102.37647058823529
0,142.28235294117647,147.34117647058824
0,126.8156862745098,112.80392156862744
0,137.26666666666668,133.2549019607843
0,120.8,66.66274509803921
0,140.31372549019608,114.53333333333333
0,126.32156862745099,147.9921568627451
0,132.4156862745098,121.4078431372549
0,138.6156862745098,136.27450980392157
0,126.89803921568627,120.1921568627451
0,158.4078431372549,126.53725490196078
0,135.69019607843137,125.99215686274509
0,142.86666666666667,103.54901960784314
0,121.3921568627451,147.0235294117647
0,153.54901960784315,92.70588235294117
0,130.9686274509804,126.12549019607843
0,139.67843137254903,134.53333333333333
0,120.05098039215686,120.7843137254902
0,143.94509803921568,148.12941176470588
0,136.19607843137254,123.05882352941177
0,122.61176470588235,143.8549019607843
0,136.12941176470588,147.7058823529412
0,128.2078431372549,127.36078431372549
0,126.12156862745098,112.05098039215686
0,137.25098039215686,92.27450980392157
0,146.13333333333333,88.70196078431373
0,120.61960784313726,142.86666666666667
0,135.94117647058823,134.47450980392156
0,149.71372549019608,123.81960784313725
0,149.67843137254903,135.4313725490196
0,124.89411764705882,116.64313725490196
0,146.75686274509803,98.36078431372549
0,145.94509803921568,155.5843137254902
0,137.27058823529413,153.37254901960785
0,144.2980392156863,152.21960784313725
0,129.21176470588236,126.02745098039216
0,118.52549019607844,121.45490196078431
0,128.92156862745097,112.07843137254902
0,116.48627450980392,128.14117647058825
0,150.1137254901961,155.05098039215687
0,124.66666666666667,142.57647058823528
0,147.3372549019608,137.68627450980392
0,139.3607843137255,156.07450980392156
0,129.1137254901961,139.15686274509804
0,154.56470588235294,128.35686274509803
0,127.2078431372549,155.34509803921569
0,120.69803921568628,101.10980392156863
0,139.2941176470588,88.7921568627451
0,148.0705882352941,157.70980392156864
0,128.45490196078433,98.45490196078431
0,140.52549019607844,134.67843137254903
0,140.74901960784314,107.97254901960784
0,130.96470588235294,137.4156862745098
0,136.64313725490197,149.54901960784315
0,128.12549019607843,107.6313725490196
0,136.63529411764705,118.79607843137255
0,124.19607843137256,132.18039215686275
0,126.6470588235294,141.08627450980393
0,133.1607843137255,111.60392156862746
0,136.18039215686275,126.61960784313726
0,121.87843137254902,140.1764705882353
0,131.8156862745098,86.93333333333334
0,126.03529411764706,146.58039215686276
0,113.76470588235294,125.97647058823529
0,120.09019607843138,119.11372549019607
0,115.72156862745098,103.54117647058824
0,142.1450980392157,129.30196078431374
0,131.41960784313724,104.01176470588236
0,137.51372549019607,136.59607843137255
0,124.29411764705883,98.56078431372549
0,136.06274509803922,126.8156862745098
0,113.51372549019608,91.74509803921569
0,135.0,115.89019607843137
0,150.91372549019607,136.9764705882353
0,139.94901960784313,124.07058823529412
0,131.1764705882353,132.38823529411764
0,114.94117647058823,131.1529411764706
1,44.70196078431373,59.537254901960786
1,59.85098039215686,77.76862745098039
1,48.55294117647059,72.3529411764706
1,69.43529411764706,64.67058823529412
1,51.54117647058823,77.65098039215687
1,46.674509803921566,75.13333333333334
1,48.09803921568628,68.09803921568627
1,46.819607843137256,74.49411764705883
1,56.51764705882353,71.25882352941177
1,63.15294117647059,62.180392156862744
1,48.02745098039216,72.55294117647058
1,47.8235294117647,80.10588235294118
1,52.227450980392156,63.02745098039216
1,48.12549019607843,67.78823529411764
1,60.870588235294115,55.898039215686275
1,48.831372549019605,72.85098039215686
1,52.64705882352941,67.05490196078432
1,53.78431372549019,73.03921568627452
1,45.94117647058823,66.68627450980392
1,63.63529411764706,66.90588235294118
1,51.627450980392155,74.14901960784314
1,54.95294117647059,65.8078431372549
1,54.090196078431376,71.25098039215686
1,58.13725490196079,82.28627450980392
1,57.14509803921569,77.23137254901961
1,47.61176470588235,56.8235294117647
1,57.45490196078431,78.74117647058823
1,54.79607843137255,53.27843137254902
1,50.188235294117646,77.05490196078432
1,66.10196078431373,61.40392156862745
1,49.48627450980392,71.07843137254902
1,58.04705882352941,78.89019607843137
1,60.21568627450981,66.0156862745098
1,45.917647058823526,73.87058823529412
1,49.32941176470588,56.63137254901961
1,66.89019607843137,41.77647058823529
1,67.90588235294118,81.72156862745098
1,57.16078431372549,80.74509803921569
1,46.48235294117647,54.090196078431376
1,57.450980392156865,82.05490196078432
1,52.227450980392156,63.46666666666667
1,44.37647058823529,64.38823529411765
1,46.8078431372549,73.47058823529412
1,55.772549019607844,68.24313725490197
1,50.870588235294115,55.63921568627451
1,60.10588235294118,55.23529411764706
1,46.674509803921566,56.69803921568627
1,62.015686274509804,60.76862745098039
1,64.49803921568628,66.51764705882353
1,48.07058823529412,74.58039215686274
1,51.56078431372549,67.18823529411765
1,47.549019607843135,63.23921568627451
1,60.384313725490195,64.36078431372549
1,45.490196078431374,73.58039215686274
1,49.1921568627451,78.36078431372549
1,68.68627450980392,57.98039215686274
1,53.47843137254902,74.03137254901961
1,44.64313725490196,65.64313725490196
1,46.14509803921569,69.07058823529412
1,56.48627450980392,72.71764705882353
1,65.34901960784313,57.713725490196076
1,52.52549019607843,79.32941176470588
1,50.51764705882353,53.27450980392157
1,62.47450980392157,52.5843137254902
1,57.509803921568626,79.76470588235294
1,51.1921568627451,69.54117647058824
1,61.44313725490196,76.34901960784313
1,57.21176470588235,68.22745098039216
1,53.188235294117646,72.03529411764706
1,57.43921568627451,69.45098039215686
1,65.30980392156863,61.87843137254902
1,68.72549019607843,72.90588235294118
1,48.745098039215684,76.38039215686274
1,51.16470588235294,63.06666666666667
1,55.03137254901961,72.52941176470588
1,65.94509803921568,70.7764705882353
1,68.78039215686275,64.7764705882353
1,69.49411764705883,64.8078431372549
1,69.25098039215686,62.75686274509804
1,55.44705882352941,63.207843137254905
1,55.70980392156863,55.31372549019608
1,56.25098039215686,68.3843137254902
1,54.333333333333336,74.95294117647059
1,67.25490196078431,56.45490196078431
1,44.69803921568627,66.7843137254902
1,49.72156862745098,69.85490196078432
1,48.615686274509805,62.47450980392157
1,46.462745098039214,66.26666666666667
1,51.976470588235294,57.325490196078434
1,50.568627450980394,54.73725490196078
1,62.705882352941174,45.8156862745098
1,49.023529411764706,79.03529411764706
1,64.49019607843137,59.15294117647059
1,53.772549019607844,80.23529411764706
1,65.03529411764706,79.21960784313725
1,70.10980392156863,63.745098039215684
1,48.93333333333333,75.2392156862745
1,51.77647058823529,52.01960784313726
1,53.27450980392157,55.76470588235294
1,57.14901960784314,53.43921568627451
1,46.64313725490196,58.03137254901961
1,57.23529411764706,83.98039215686275
1,60.27843137254902,79.02352941176471
1,50.16470588235294,78.09803921568627
1,44.254901960784316,66.33725490196079
1,57.529411764705884,66.25882352941177
1,54.07450980392157,80.42745098039215
1,66.30588235294118,79.22745098039216
1,46.247058823529414,58.83529411764706
1,65.70588235294117,72.34901960784313
1,65.2392156862745,85.25882352941177
1,66.97254901960784,55.431372549019606
1,51.73725490196078,63.55294117647059
1,60.949019607843134,78.93333333333334
1,72.89019607843137,70.1686274509804
1,55.94117647058823,64.84705882352941
1,56.31372549019608,63.96078431372549
1,55.043137254901964,51.52549019607843
1,52.26274509803922,76.84705882352941
1,49.8235294117647,77.07058823529412
1,59.384313725490195,70.25098039215686
1,54.694117647058825,67.61960784313726
1,46.23137254901961,69.66666666666667
1,64.4,59.09803921568628
1,59.01176470588236,56.82745098039216
1,46.20392156862745,74.5764705882353
1,49.56078431372549,55.36862745098039
1,53.04705882352941,75.76470588235294
1,45.66274509803922,66.72941176470589
1,62.5921568627451,76.97647058823529
1,52.043137254901964,81.36078431372549
1,72.13333333333334,68.34901960784313
1,57.180392156862744,64.70196078431373
1,59.188235294117646,55.94117647058823
1,52.52549019607843,65.28235294117647
1,51.537254901960786,61.46666666666667
1,47.345098039215685,73.18039215686275
1,48.917647058823526,78.17254901960784
1,58.294117647058826,57.76862745098039
1,56.02745098039216,76.70196078431373
1,45.47450980392157,69.24313725490197
1,65.23529411764706,75.8156862745098
1,64.8156862745098,45.39607843137255
1,55.22352941176471,69.10980392156863
1,47.90588235294118,76.61960784313726
1,47.462745098039214,68.96862745098039
1,64.7921568627451,60.09803921568628
1,59.207843137254905,53.83529411764706
1,50.36470588235294,78.1686274509804
1,52.92156862745098,45.82745098039216
1,61.86666666666667,42.705882352941174
1,68.54901960784314,50.28235294117647
1,51.07450980392157,64.05882352941177
1,46.68235294117647,70.78823529411764
1,57.30980392156863,74.65490196078431
1,69.49803921568628,72.02352941176471
1,50.694117647058825,59.83921568627451
1,50.62352941176471,45.48627450980392
1,50.1764705882353,67.2078431372549
1,46.58039215686274,68.66666666666667
1,52.333333333333336,68.59607843137255
1,64.94117647058823,56.48235294117647
1,48.576470588235296,54.819607843137256
1,45.51372549019608,68.31372549019608
1,66.05490196078432,68.35686274509804
1,57.207843137254905,49.733333333333334
1,59.93333333333333,74.70196078431373
1,55.8078431372549,57.72549019607843
1,60.36862745098039,67.43137254901961
1,50.6,51.23921568627451
1,51.71764705882353,58.082352941176474
1,56.38039215686275,78.32549019607843
1,48.03921568627451,79.56470588235294
1,45.741176470588236,57.984313725490196
1,54.09411764705882,54.51764705882353
1,65.6156862745098,66.23137254901961
1,56.32156862745098,58.705882352941174
1,50.529411764705884,75.4235294117647
1,50.27843137254902,52.50588235294118
1,50.745098039215684,59.51372549019608
1,51.23137254901961,60.25098039215686
1,55.76078431372549,71.37647058823529
1,64.82745098039216,77.08235294117647
1,49.56078431372549,72.87450980392157
1,66.1686274509804,72.07450980392157
1,57.8235294117647,61.66274509803922
1,46.08627450980392,76.98823529411764
1,53.23137254901961,55.003921568627455
1,63.39607843137255,61.87843137254902
1,52.44705882352941,80.71372549019608
1,73.67450980392157,42.34901960784314
1,46.4078431372549,77.1843137254902
1,62.45882352941177,67.93333333333334
1,54.06666666666667,79.41960784313726
1,44.10980392156863,70.54509803921569
1,63.72156862745098,77.37254901960785
1,53.8156862745098,77.60392156862746
1,50.80392156862745,68.12156862745098
1,72.34901960784313,62.94117647058823
1,66.37647058823529,86.41568627450981
1,71.69803921568628,60.79607843137255
1,60.64705882352941,68.31764705882352
1,53.67058823529412,66.89019607843137
1,50.42745098039216,59.34117647058824
1,74.55686274509804,47.0
1,68.51372549019608,55.258823529411764
1,53.674509803921566,79.37647058823529
1,58.666666666666664,81.27058823529411
1,53.48627450980392,77.3843137254902
1,50.713725490196076,82.80392156862744
1,65.42745098039215,66.90196078431373
1,53.05490196078431,81.80392156862744
1,56.090196078431376,62.752941176470586
1,52.325490196078434,68.41176470588235
1,61.996078431372545,74.8156862745098
1,58.345098039215685,80.00392156862745
1,45.39607843137255,70.86274509803921
1,62.023529411764706,68.85882352941177
1,62.792156862745095,78.10196078431373
1,45.36862745098039,65.2392156862745
1,62.9921568627451,67.03921568627452
1,55.03137254901961,79.7843137254902
1,47.537254901960786,53.023529411764706
1,48.79607843137255,68.1921568627451
1,72.61960784313726,46.43921568627451
1,71.83921568627451,64.12549019607843
1,59.51764705882353,67.47058823529412
1,61.32941176470588,59.39607843137255
1,53.043137254901964,48.568627450980394
1,48.792156862745095,51.26274509803922
1,44.14901960784314,68.59607843137255
1,58.03921568627451,68.09803921568627
1,56.831372549019605,83.28627450980392
1,49.69803921568627,75.78039215686275
1,57.03137254901961,70.96078431372548
1,53.28235294117647,68.78823529411764
1,44.07450980392157,66.8
1,47.372549019607845,74.53725490196078
1,60.51372549019608,76.92941176470588
1,52.956862745098036,56.92941176470588
1,51.83529411764706,74.01176470588236
1,55.16470588235294,59.674509803921566
1,59.66274509803922,70.13725490196079
1,51.333333333333336,77.7843137254902
1,69.06274509803922,73.74509803921569
1,58.25098039215686,58.25098039215686
1,47.13333333333333,68.26666666666667
1,65.27058823529411,68.92549019607843
1,67.20392156862745,62.450980392156865
1,46.831372549019605,62.294117647058826
1,58.450980392156865,74.78039215686275
1,64.01960784313725,63.3921568627451
1,45.909803921568624,55.129411764705885
1,49.423529411764704,68.15294117647059
1,51.61176470588235,81.35686274509804
1,63.858823529411765,80.74509803921569
1,58.023529411764706,55.34901960784314
1,60.84313725490196,58.42745098039216
1,50.8156862745098,59.63529411764706
1,49.588235294117645,67.10980392156863
1,67.96078431372548,56.35686274509804
1,56.529411764705884,62.35686274509804
1,68.26274509803922,64.5764705882353
1,45.83921568627451,69.83921568627451
1,48.529411764705884,56.52156862745098
1,57.63921568627451,78.12941176470588
1,46.090196078431376,68.08235294117647
1,62.36078431372549,55.98823529411764
1,61.12549019607843,71.88627450980393
1,54.831372549019605,50.07058823529412
1,56.8156862745098,60.345098039215685
1,54.77647058823529,74.52941176470588
1,45.63921568627451,68.49411764705883
1,54.345098039215685,53.09803921568628
1,45.615686274509805,59.64705882352941
1,46.70196078431373,56.36862745098039
1,54.14509803921569,85.63921568627451
1,55.870588235294115,79.10588235294118
1,44.03137254901961,70.5921568627451
1,51.34117647058824,70.0156862745098
1,47.4078431372549,59.94509803921569
1,57.44313725490196,79.77254901960784
1,49.89019607843137,54.168627450980395
1,59.568627450980394,66.26666666666667
1,58.101960784313725,84.08235294117647
1,47.68627450980392,59.30980392156863
1,51.956862745098036,62.71764705882353
1,69.7607843137255,55.24313725490196
1,44.023529411764706,62.129411764705885
1,51.450980392156865,60.568627450980394
1,51.16078431372549,52.84313725490196
1,46.23529411764706,77.76862745098039
1,64.20392156862745,51.588235294117645
1,44.984313725490196,62.537254901960786
1,48.33725490196078,70.1686274509804
1,52.91372549019608,82.11764705882354
1,47.87843137254902,79.05490196078432
1,51.36078431372549,81.00784313725491
1,54.266666666666666,74.05490196078432
1,49.28235294117647,72.67450980392157
1,53.05490196078431,53.666666666666664
1,47.17254901960784,72.2156862745098
1,52.27843137254902,78.53725490196078
1,63.52549019607843,57.19607843137255
1,53.02745098039216,69.42745098039215
1,57.40392156862745,76.65882352941176
1,58.19607843137255,63.654901960784315
1,61.36862745098039,81.18039215686275
1,72.25490196078431,59.35294117647059
1,50.345098039215685,72.95686274509804
1,47.85098039215686,69.43137254901961
1,53.03137254901961,60.36470588235294
1,50.207843137254905,78.32941176470588
1,56.2,83.93333333333334
1,52.82745098039216,73.85490196078432
1,45.75686274509804,60.01960784313726
1,62.8235294117647,84.98823529411764
1,54.431372549019606,77.09803921568627
1,63.82745098039216,69.7764705882353
1,57.46666666666667,77.67450980392157
1,45.73725490196078,71.01176470588236
1,47.72941176470588,70.52549019607844
1,46.819607843137256,79.24705882352941
1,54.831372549019605,83.34117647058824
1,56.33725490196078,72.14117647058823
1,55.30196078431373,73.53725490196078
1,53.90196078431372,69.11372549019607
1,54.28235294117647,83.36078431372549
1,64.4235294117647,50.21176470588235
1,62.05490196078431,74.60392156862746
1,53.082352941176474,55.48627450980392
1,58.88627450980392,66.5764705882353
1,51.40392156862745,69.91764705882353
1,50.47843137254902,63.792156862745095
1,71.25882352941177,85.37647058823529
1,58.14509803921569,83.47058823529412
1,53.65882352941176,74.16078431372549
1,61.19607843137255,68.2078431372549
1,52.61176470588235,82.95294117647059
1,53.01176470588236,66.00784313725491
1,64.30588235294118,56.227450980392156
1,65.25098039215686,75.14509803921568
1,43.97254901960784,66.86666666666666
1,53.90196078431372,60.305882352941175
1,69.09019607843138,50.0
1,51.21568627450981,75.05490196078432
1,64.7764705882353,75.01176470588236
1,49.772549019607844,69.2156862745098
1,48.23921568627451,63.23921568627451
1,44.51764705882353,72.76862745098039
1,45.52549019607843,65.0156862745098
1,48.24313725490196,63.86666666666667
1,58.35294117647059,79.2235294117647
1,57.52549019607843,66.50588235294117
1,50.05490196078431,70.06666666666666
1,62.2,79.17254901960784
1,72.38039215686274,65.29019607843138
1,50.976470588235294,68.72156862745098
1,53.733333333333334,82.12549019607843
1,65.38823529411765,70.99215686274509
1,55.07058823529412,77.39607843137254
1,44.258823529411764,66.62352941176471
1,49.36862745098039,66.48627450980392
1,50.88235294117647,76.93725490196078
1,46.35294117647059,74.69019607843137
1,58.82745098039216,88.12941176470588
1,50.5921568627451,65.98039215686275
1,51.28235294117647,67.90196078431373
1,55.35686274509804,58.47843137254902
1,50.745098039215684,70.72941176470589
1,49.51764705882353,76.04313725490196
1,68.89019607843137,74.50196078431372
1,49.898039215686275,68.2
1,45.29019607843137,69.94509803921568
1,55.4156862745098,73.57254901960785
1,58.1764705882353,53.858823529411765
1,58.792156862745095,77.09411764705882
1,57.87450980392157,49.48235294117647
1,45.11372549019608,63.34901960784314
1,71.67058823529412,73.27450980392157
1,62.44705882352941,54.94117647058823
1,53.27450980392157,59.51372549019608
1,58.36470588235294,56.48627450980392
1,62.94509803921569,84.3529411764706
1,46.65882352941176,67.31372549019608
1,67.74901960784314,54.92549019607843
1,45.02745098039216,72.49803921568628
1,74.21176470588236,66.10980392156863
1,52.247058823529414,69.09803921568627
1,61.13333333333333,37.29803921568627
1,72.34901960784313,75.3686274509804
1,47.949019607843134,70.49019607843137
1,69.1686274509804,63.6078431372549
1,57.45882352941177,84.27058823529411
1,66.30980392156863,70.75294117647059
1,62.72549019607843,61.82745098039216
1,51.63921568627451,76.08235294117647
1,50.40392156862745,76.6470588235294
1,50.55686274509804,81.92156862745098
1,50.36470588235294,75.8313725490196
1,53.470588235294116,80.85882352941177
1,61.63921568627451,69.34117647058824
1,58.43529411764706,78.49411764705883
1,68.91764705882353,67.99607843137255
1,49.42745098039216,71.46274509803922
1,72.84705882352941,78.10588235294118
1,46.694117647058825,59.47843137254902
1,64.00392156862745,61.654901960784315
1,48.5843137254902,76.29019607843138
1,54.77647058823529,77.76470588235294
1,59.50588235294118,52.93333333333333
1,55.31764705882353,46.666666666666664
1,49.345098039215685,72.29803921568627
1,71.7764705882353,67.36470588235294
1,52.490196078431374,67.2392156862745
1,62.949019607843134,63.450980392156865
1,44.60392156862745,72.33333333333333
1,66.50196078431372,65.46274509803922
1,61.07450980392157,83.81960784313725
1,64.02745098039216,73.63529411764706
1,59.333333333333336,81.69019607843137
1,46.733333333333334,70.33333333333333
1,64.06274509803922,73.49803921568628
1,53.49411764705882,75.20392156862745
1,45.37647058823529,71.58823529411765
1,61.78431372549019,74.51764705882353
1,48.96862745098039,69.51764705882353
1,58.51372549019608,80.34901960784313
1,57.85098039215686,75.64313725490196
1,49.76862745098039,55.89019607843137
1,50.66274509803922,76.13725490196079
1,50.09803921568628,70.00392156862745
1,69.8156862745098,55.372549019607845
1,53.12156862745098,60.996078431372545
1,52.85490196078431,74.43529411764706
1,63.87843137254902,80.30588235294118
1,72.93725490196078,72.96470588235294
1,72.02352941176471,51.23529411764706
1,59.24313725490196,67.25490196078431
1,50.509803921568626,77.07058823529412
1,53.101960784313725,77.24705882352941
1,56.53333333333333,71.48235294117647
1,53.898039215686275,83.07843137254902
1,58.537254901960786,77.77254901960784
1,51.8078431372549,66.75686274509803
1,52.254901960784316,48.54509803921569
1,57.48235294117647,53.07843137254902
1,69.60392156862746,70.87450980392157
1,51.654901960784315,73.4078431372549
1,66.16470588235295,74.85490196078432
1,56.40392156862745,51.8078431372549
1,63.72941176470588,78.06274509803922
1,48.90196078431372,63.015686274509804
1,55.55686274509804,75.38823529411765
1,52.64313725490196,70.68627450980392
1,51.35294117647059,60.44705882352941
1,48.19607843137255,64.85882352941177
1,67.50980392156863,62.87450980392157
1,59.54117647058823,73.7843137254902
1,58.745098039215684,60.384313725490195
1,61.66274509803922,61.8
1,61.266666666666666,77.14117647058823
1,45.082352941176474,61.34901960784314
1,62.32156862745098,71.53725490196078
1,52.78431372549019,62.674509803921566
1,50.129411764705885,53.61176470588235
1,46.490196078431374,72.67450980392157
1,54.92941176470588,82.17254901960784
1,52.63921568627451,67.26274509803922
1,48.6078431372549,65.11764705882354
1,53.44705882352941,80.51372549019608
1,52.266666666666666,83.26666666666667
1,47.64313725490196,72.73333333333333
1,64.14509803921568,69.98039215686275
1,52.576470588235296,79.11372549019607
1,49.09803921568628,62.10588235294118
1,74.38039215686274,67.47843137254903
1,73.15294117647059,79.12549019607843
1,51.996078431372545,79.74509803921569
1,61.27450980392157,62.4156862745098
1,57.76470588235294,59.85098039215686
1,66.71372549019608,67.68235294117648
1,52.811764705882354,72.97647058823529
1,53.694117647058825,68.30196078431372
1,54.898039215686275,63.39607843137255
1,58.909803921568624,73.03529411764706
1,59.423529411764704,71.43921568627451
1,65.03921568627452,67.89411764705882
1,50.76862745098039,65.10196078431373
1,74.15686274509804,77.81176470588235
1,59.90196078431372,60.168627450980395
1,48.917647058823526,70.07450980392157
1,48.54117647058823,59.72156862745098
1,57.11764705882353,80.86666666666666
1,60.45490196078431,78.34901960784313
1,68.14117647058823,62.4078431372549
1,49.811764705882354,73.54901960784314
1,44.58039215686274,74.06274509803922
1,67.44705882352942,80.10980392156863
1,46.27450980392157,67.53333333333333
1,70.03921568627452,82.95686274509804
1,72.28235294117647,66.83921568627451
1,46.11764705882353,67.1843137254902
1,51.63137254901961,75.06274509803922
1,44.674509803921566,67.99215686274509
1,47.07450980392157,53.27843137254902
1,68.3843137254902,71.7607843137255
1,46.03529411764706,62.26274509803922
1,58.55686274509804,70.31764705882352
1,65.20392156862745,75.9843137254902
1,58.674509803921566,71.5764705882353
1,44.831372549019605,64.03921568627452
1,58.86274509803921,76.11372549019607
1,45.733333333333334,76.66666666666667
1,49.5843137254902,72.05098039215686
1,60.34117647058824,61.29019607843137
1,53.09411764705882,67.81176470588235
1,63.411764705882355,75.07058823529412
1,53.88235294117647,73.06666666666666
1,55.60392156862745,67.6156862745098
1,51.16078431372549,81.02352941176471
1,67.52549019607844,78.50588235294117
1,45.52549019607843,74.78823529411764
1,44.85490196078431,74.6
1,46.49411764705882,66.65490196078431
1,69.1843137254902,54.85098039215686
1,68.62745098039215,73.43137254901961
1,46.69019607843137,73.45882352941176
1,44.52549019607843,71.90196078431373
1,53.180392156862744,75.8156862745098
1,46.286274509803924,65.56470588235294
1,48.956862745098036,65.59607843137255
1,51.64705882352941,79.94901960784314
1,64.04313725490196,55.015686274509804
1,44.85490196078431,74.28235294117647
1,59.83529411764706,36.588235294117645
1,44.13333333333333,66.35686274509804
1,48.69803921568627,77.4
1,48.501960784313724,73.47450980392156
1,57.305882352941175,71.89803921568627
1,64.80392156862744,66.53333333333333
1,61.67058823529412,56.043137254901964
1,55.04705882352941,83.18823529411765
1,55.95294117647059,53.22352941176471
1,47.6078431372549,69.59607843137255
1,58.98823529411764,61.72941176470588
1,56.48627450980392,82.76470588235294
1,58.549019607843135,82.41960784313726
1,59.949019607843134,39.333333333333336
1,47.5843137254902,59.219607843137254
1,56.674509803921566,85.6156862745098
1,53.04705882352941,81.7764705882353
1,63.10980392156863,50.70196078431373
1,55.984313725490196,36.9921568627451
1,52.37647058823529,69.97254901960784
1,58.91372549019608,77.88235294117646
1,59.4156862745098,73.12941176470588
1,47.22352941176471,69.44313725490196
1,71.97647058823529,42.56470588235294
1,53.207843137254905,67.44705882352942
1,64.56470588235294,72.66274509803921
1,45.25098039215686,56.36470588235294
1,46.050980392156866,74.90588235294118
1,50.27843137254902,51.45490196078431
1,60.30980392156863,60.333333333333336
1,52.4156862745098,71.39607843137254
1,60.372549019607845,53.8
1,50.5921568627451,52.82745098039216
1,67.6078431372549,56.84313725490196
1,48.21176470588235,66.41960784313726
1,59.050980392156866,54.72941176470588
1,51.77647058823529,70.76862745098039
1,48.01176470588236,81.23137254901961
1,55.09803921568628,86.36078431372549
1,68.36078431372549,72.94509803921568
1,52.89019607843137,60.07058823529412
1,46.345098039215685,60.67843137254902
1,54.70980392156863,81.02745098039216
1,62.98823529411764,80.65490196078431
1,49.62352941176471,78.09019607843138
1,67.55294117647058,63.94509803921569
1,64.92941176470588,72.67058823529412
1,58.1843137254902,85.86274509803921
1,45.76862745098039,64.26666666666667
1,50.34117647058824,83.09411764705882
1,55.03137254901961,81.00392156862745
1,54.52156862745098,60.50588235294118
1,65.36078431372549,66.7764705882353
1,54.36862745098039,77.8313725490196
1,51.29019607843137,67.2
1,48.615686274509805,73.05882352941177
1,47.58039215686274,75.88627450980393
1,54.51764705882353,76.28235294117647
1,45.752941176470586,60.19607843137255
1,58.37647058823529,75.18823529411765
1,57.32156862745098,54.490196078431374
1,50.247058823529414,70.72156862745098
1,57.52549019607843,63.52549019607843
1,48.33725490196078,76.37254901960785
1,59.75686274509804,84.33725490196079
1,55.92941176470588,78.3843137254902
1,69.42745098039215,76.75294117647059
1,69.12156862745098,57.984313725490196
1,58.63921568627451,84.9843137254902
1,57.168627450980395,51.88627450980392
1,70.10588235294118,52.89019607843137
1,67.41176470588235,52.98039215686274
1,51.674509803921566,70.06666666666666
4,83.7843137254902,95.17254901960784
4,98.90980392156862,110.33725490196079
4,96.73725490196078,119.97647058823529
4,98.82745098039216,108.12156862745098
4,87.6470588235294,104.95294117647059
4,84.70588235294117,115.23137254901961
4,85.7607843137255,117.37254901960785
4,88.90196078431373,101.2
4,108.6,90.89411764705882
4,83.36470588235294,92.65098039215687
4,90.50980392156863,87.68235294117648
4,95.94509803921568,102.4235294117647
4,101.07843137254902,86.36078431372549
4,92.34117647058824,102.50588235294117
4,99.41568627450981,112.1921568627451
4,89.89803921568627,102.7843137254902
4,82.50196078431372,92.83529411764705
4,94.44705882352942,111.98823529411764
4,90.56078431372549,95.71764705882353
4,104.73333333333333,108.02352941176471
4,100.30588235294118,119.67843137254901
4,101.47843137254903,98.36078431372549
4,85.40392156862745,85.3686274509804
4,89.32941176470588,92.3529411764706
4,86.52156862745097,97.42745098039215
4,90.61960784313726,106.00784313725491
4,87.62352941176471,109.87450980392157
4,103.96470588235294,81.80392156862744
4,91.9843137254902,117.19607843137256
4,92.47450980392156,120.68627450980392
4,105.85882352941177,115.48627450980392
4,97.29411764705883,106.92549019607843
4,101.7764705882353,96.26666666666667
4,87.10196078431373,108.31764705882352
4,90.87058823529412,106.12156862745098
4,88.15686274509804,93.49019607843137
4,83.45882352941176,103.65098039215687
4,104.05098039215686,84.54901960784314
4,100.05490196078432,120.44313725490196
4,87.66666666666667,110.47450980392156
4,103.27058823529411,112.53725490196078
4,98.92941176470588,101.67843137254901
4,84.6078431372549,104.07843137254902
4,99.96470588235294,115.23529411764706
4,95.00392156862745,113.57254901960785
4,84.93333333333334,96.4
4,91.66274509803921,118.75294117647059
4,105.30588235294118,112.0
4,84.24705882352941,120.12549019607843
4,91.98039215686275,99.99607843137255
4,107.05098039215686,103.82745098039216
4,97.1686274509804,104.62352941176471
4,100.66274509803921,107.89803921568627
4,101.27843137254902,95.26274509803922
4,85.96470588235294,97.25098039215686
4,98.83529411764705,117.05882352941177
4,97.44705882352942,112.95294117647059
4,87.12941176470588,86.11764705882354
4,99.13333333333334,101.68627450980392
4,107.14901960784314,116.87843137254902
4,84.83921568627451,91.54117647058824
4,91.49803921568628,103.56862745098039
4,90.93333333333334,91.2235294117647
4,83.72941176470589,101.41568627450981
4,83.94509803921568,91.4078431372549
4,92.1686274509804,110.41568627450981
4,93.15686274509804,99.93725490196078
4,95.01960784313725,99.7607843137255
4,88.88235294117646,116.07058823529412
4,91.3921568627451,78.73333333333333
4,83.05098039215686,103.3529411764706
4,104.83529411764705,113.83921568627451
4,85.17647058823529,91.88235294117646
4,91.96470588235294,95.45098039215686
4,99.52156862745097,105.94509803921568
4,87.75294117647059,108.36470588235294
4,89.02352941176471,101.99607843137255
4,102.71372549019608,96.54509803921569
4,103.1686274509804,98.14117647058823
4,88.35686274509804,110.63921568627451
4,102.42745098039215,126.77254901960784
4,101.14117647058823,106.00784313725491
4,84.75686274509803,107.83529411764705
4,88.88235294117646,109.90980392156862
4,92.40392156862745,120.74509803921569
4,88.70588235294117,109.83529411764705
4,91.58823529411765,74.74117647058823
4,87.90980392156862,94.31764705882352
4,86.59607843137255,104.86274509803921
4,91.46666666666667,103.1686274509804
4,84.14117647058823,101.66666666666667
4,108.30980392156863,103.52156862745097
4,90.34509803921569,101.37647058823529
4,89.05098039215686,110.20392156862745
4,101.05490196078432,104.44705882352942
4,88.58823529411765,100.32156862745099
4,99.25490196078431,110.46666666666667
4,95.0156862745098,108.82745098039216
4,88.62745098039215,103.73725490196078
4,86.26666666666667,111.89411764705882
4,92.63921568627451,82.0156862745098
4,104.4,84.24313725490197
4,107.6156862745098,112.61960784313726
4,105.50980392156863,101.63921568627451
4,90.07450980392157,114.09019607843138
4,96.12941176470588,116.18039215686275
4,91.11764705882354,96.81960784313725
4,88.78039215686275,104.25882352941177
4,104.53333333333333,107.82745098039216
4,109.52549019607844,102.2392156862745
4,102.96078431372548,117.89019607843137
4,102.7843137254902,101.83921568627451
4,98.50980392156863,109.8078431372549
4,95.53333333333333,120.25882352941177
4,88.13725490196079,103.58039215686274
4,99.93725490196078,80.42745098039215
4,99.99607843137255,103.98039215686275
4,83.48627450980392,102.27450980392157
4,92.72156862745098,107.41568627450981
4,100.88627450980393,102.76470588235294
4,105.12156862745098,124.88627450980393
4,89.28235294117647,105.95294117647059
4,84.77254901960784,101.02352941176471
4,96.56470588235294,106.04313725490196
4,98.52941176470588,109.25098039215686
4,106.13725490196079,105.4
4,108.25098039215686,115.67450980392157
4,89.67450980392157,109.08627450980393
4,102.45098039215686,93.0156862745098
4,87.75686274509803,103.23529411764706
4,100.69803921568628,110.50588235294117
4,92.10196078431373,104.75294117647059
4,89.2156862745098,98.10980392156863
4,105.53725490196078,96.12549019607843
4,86.04705882352941,112.5921568627451
4,83.93725490196078,106.49803921568628
4,95.12941176470588,102.38039215686274
4,91.75294117647059,102.52156862745097
4,84.23137254901961,112.78823529411764
4,96.96862745098039,118.03137254901961
4,84.08627450980393,109.05098039215686
4,98.52549019607844,89.81176470588235
4,102.52549019607844,105.94901960784314
4,98.07450980392157,108.44705882352942
4,102.86274509803921,126.43529411764706
4,89.48235294117647,106.8313725490196
4,88.54901960784314,115.62745098039215
4,93.6,98.02352941176471
4,87.28235294117647,68.3921568627451
4,108.7921568627451,95.90980392156862
4,94.11372549019607,111.66666666666667
4,95.0,103.62745098039215
4,83.00784313725491,101.10196078431373
4,102.43137254901961,108.29803921568627
4,102.71764705882353,108.05882352941177
4,106.34509803921569,120.26274509803922
4,87.02352941176471,108.09803921568627
4,98.54509803921569,91.05882352941177
4,91.28627450980392,103.30980392156863
4,88.78823529411764,83.2392156862745
4,97.33333333333333,120.65490196078431
4,91.27843137254902,116.51764705882353
4,104.11372549019607,99.46666666666667
4,100.83529411764705,106.98823529411764
4,92.4235294117647,101.39607843137254
4,82.27843137254902,112.70588235294117
4,91.65098039215687,109.27843137254902
4,86.13333333333334,100.47843137254903
4,92.05490196078432,108.04313725490196
4,81.37254901960785,86.3843137254902
4,106.11372549019607,131.3764705882353
4,94.78039215686275,107.2156862745098
4,89.11764705882354,103.53333333333333
4,92.78823529411764,103.27450980392157
4,102.85098039215686,108.6
4,95.7764705882353,107.62745098039215
4,95.92941176470588,113.89019607843137
4,102.75686274509803,105.34117647058824
4,92.98039215686275,88.14509803921568
4,93.00784313725491,108.65098039215687
4,83.85098039215686,98.03137254901961
4,83.00392156862745,110.55294117647058
4,88.73725490196078,106.85098039215686
4,104.42745098039215,116.71764705882353
4,96.07843137254902,98.96078431372548
4,100.2,107.49803921568628
4,88.78039215686275,86.27843137254902
4,86.10196078431373,103.6078431372549
4,101.76470588235294,112.76470588235294
4,96.82745098039216,114.75686274509803
4,86.61176470588235,96.31764705882352
4,90.31372549019608,88.4078431372549
4,87.36078431372549,113.41568627450981
4,82.14509803921568,102.56078431372549
4,101.56470588235294,112.67058823529412
4,88.49019607843137,105.86274509803921
4,93.21176470588236,105.45490196078431
4,82.30980392156863,110.4
4,101.92156862745098,106.77254901960784
4,92.32549019607843,102.88235294117646
4,97.3686274509804,115.72549019607843
4,84.11764705882354,95.61960784313726
4,99.24313725490197,95.52941176470588
4,104.50588235294117,132.8
4,90.18039215686275,101.81176470588235
4,91.78039215686275,99.56078431372549
4,90.02745098039216,98.96862745098039
4,91.30588235294118,87.98039215686275
4,90.17254901960784,86.44313725490196
4,92.89803921568627,112.09803921568627
4,94.84705882352941,108.10196078431373
4,103.08235294117647,130.1764705882353
4,97.39607843137254,114.07058823529412
4,86.07058823529412,107.84705882352941
4,102.58431372549019,115.85490196078432
4,93.41568627450981,93.07450980392157
4,97.12549019607843,96.91372549019607
4,87.03921568627452,103.54117647058824
4,94.1843137254902,106.95686274509804
4,89.13725490196079,96.34117647058824
4,97.48235294117647,104.8156862745098
4,86.87058823529412,111.55294117647058
4,99.64313725490196,106.56470588235294
4,96.11764705882354,95.80392156862744
4,95.66666666666667,94.69803921568628
4,88.52156862745097,111.94509803921568
4,89.26274509803922,100.3686274509804
4,102.4,111.37647058823529
4,84.82745098039216,108.34509803921569
4,106.89803921568627,87.03137254901961
4,86.05098039215686,109.27450980392157
4,93.82352941176471,98.87450980392157
4,84.66666666666667,103.58823529411765
4,99.90196078431373,91.40392156862745
4,91.51764705882353,113.35686274509804
4,101.2235294117647,102.43529411764706
4,100.37647058823529,102.05490196078432
4,103.85098039215686,95.98823529411764
4,92.02352941176471,119.23529411764706
4,98.12156862745098,108.28627450980392
4,102.83921568627451,125.55686274509804
4,103.8313725490196,110.51372549019608
4,102.73333333333333,104.65882352941176
4,99.13725490196079,107.91372549019607
4,95.84705882352941,114.03529411764706
4,96.25098039215686,97.91764705882353
4,97.7921568627451,117.62352941176471
4,102.10980392156863,111.11372549019607
4,89.49019607843137,107.10588235294118
4,99.14509803921568,97.44705882352942
4,96.40392156862745,96.57254901960785
4,108.55294117647058,103.03921568627452
4,92.24313725490197,110.62352941176471
4,97.91764705882353,110.29803921568627
4,98.2078431372549,111.38823529411765
4,97.6,91.52549019607844
4,92.14901960784314,106.8313725490196
4,90.8,109.71764705882353
4,83.1843137254902,102.67843137254901
4,108.95686274509804,129.9764705882353
4,95.24705882352941,90.2235294117647
4,98.32941176470588,117.29803921568627
4,86.56862745098039,109.86274509803921
4,98.90196078431373,115.32549019607843
4,87.72156862745098,85.75294117647059
4,98.84313725490196,123.13725490196079
4,89.02745098039216,116.66666666666667
4,97.76470588235294,88.50196078431372
4,88.13333333333334,96.73725490196078
4,94.19607843137256,91.20392156862745
4,99.72941176470589,108.83529411764705
4,100.14901960784314,111.06274509803922
4,100.85882352941177,108.04313725490196
4,97.81176470588235,96.85490196078432
4,103.60392156862746,105.8156862745098
4,95.70980392156862,104.00784313725491
4,96.91764705882353,104.14901960784314
4,106.44313725490196,98.44313725490196
4,92.29803921568627,109.09803921568627
4,86.7921568627451,96.91764705882353
4,94.72156862745098,118.0156862745098
4,99.93333333333334,117.63921568627451
4,100.54117647058824,110.77254901960784
4,99.96078431372548,94.84705882352941
4,96.63921568627451,97.0156862745098
4,91.45882352941176,109.29411764705883
4,81.64313725490196,106.42745098039215
4,88.34509803921569,90.72156862745098
4,91.93725490196078,94.53725490196078
4,93.82745098039216,96.84313725490196
4,96.90588235294118,120.4078431372549
4,92.27843137254902,99.75686274509803
4,85.1686274509804,90.30980392156863
4,102.09803921568627,107.87450980392157
4,99.41176470588235,84.05490196078432
4,96.23529411764706,100.26666666666667
4,88.02745098039216,113.16470588235295
4,101.24313725490197,113.06666666666666
4,84.28235294117647,106.65882352941176
4,96.27843137254902,103.90588235294118
4,97.26274509803922,104.2
4,93.31372549019608,121.56862745098039
4,93.0,102.58039215686274
4,99.28627450980392,106.85882352941177
4,86.62745098039215,103.70196078431373
4,83.82745098039216,108.6470588235294
4,104.42745098039215,90.50980392156863
4,90.33333333333333,104.87058823529412
4,96.04705882352941,112.37647058823529
4,87.2235294117647,103.28627450980392
4,89.37647058823529,93.25098039215686
4,101.49019607843137,115.19607843137256
4,103.60392156862746,107.15686274509804
4,81.90588235294118,100.30980392156863
4,88.15686274509804,106.46666666666667
4,86.29411764705883,93.3843137254902
4,90.6470588235294,97.98039215686275
4,90.95294117647059,104.49019607843137
4,101.29803921568627,92.79607843137255
4,87.6470588235294,105.7843137254902
4,91.89803921568627,110.82352941176471
4,88.34509803921569,112.32156862745099
4,92.84313725490196,124.38039215686274
4,86.3686274509804,98.66274509803921
4,91.43921568627451,128.8862745098039
4,96.70980392156862,88.53333333333333
4,96.56078431372549,89.21176470588236
4,97.18039215686275,109.76470588235294
4,93.93333333333334,94.42745098039215
4,85.72156862745098,107.15686274509804
4,99.48235294117647,108.32156862745099
4,85.44705882352942,76.8
4,94.73725490196078,96.00392156862745
4,90.82352941176471,117.8078431372549
4,86.41176470588235,95.54509803921569
4,90.92941176470588,122.34901960784313
4,105.30980392156863,104.99215686274509
4,94.86666666666666,110.09019607843138
4,92.81960784313725,110.06666666666666
4,86.5921568627451,104.82745098039216
4,87.00784313725491,81.43921568627451
4,86.00784313725491,102.01960784313725
4,98.3529411764706,106.07058823529412
4,85.3843137254902,108.36470588235294
4,86.21960784313725,95.34509803921569
4,92.06274509803922,98.07058823529412
4,84.87843137254902,94.66274509803921
4,84.49019607843137,104.91372549019607
4,95.4078431372549,104.45490196078431
4,102.33725490196079,102.94509803921568
4,81.83529411764705,104.7921568627451
4,87.28235294117647,105.9843137254902
4,87.11764705882354,101.21176470588236
4,86.96470588235294,101.11372549019607
4,106.3843137254902,129.46666666666667
4,92.47058823529412,97.05098039215686
4,85.96470588235294,79.27843137254902
4,100.23137254901961,100.58039215686274
4,99.45490196078431,114.80392156862744
4,100.6156862745098,102.82745098039216
4,89.04705882352941,109.10980392156863
4,85.1921568627451,79.75294117647059
4,99.65882352941176,106.67058823529412
4,92.51764705882353,122.26666666666667
4,96.29803921568627,118.11764705882354
4,99.8078431372549,120.67450980392157
4,102.01960784313725,113.81176470588235
4,91.08235294117647,98.03529411764706
4,86.18039215686275,90.83921568627451
4,93.14117647058823,90.14901960784314
4,105.86666666666666,100.2156862745098
4,102.10196078431373,112.50980392156863
4,85.83529411764705,106.16470588235295
4,83.63529411764706,83.02352941176471
4,97.48235294117647,106.90588235294118
4,89.12549019607843,102.09019607843138
4,95.07058823529412,118.52549019607844
4,99.93725490196078,94.69803921568628
4,96.98823529411764,89.67058823529412
4,84.03137254901961,93.80392156862744
4,89.06666666666666,104.50980392156863
4,83.14901960784314,93.87058823529412
4,102.39607843137254,110.50196078431372
4,91.29019607843138,80.18823529411765
4,83.38039215686274,100.7921568627451
4,97.38823529411765,122.25490196078431
4,106.08235294117647,121.10980392156863
4,93.8,107.96470588235294
4,86.26666666666667,117.47058823529412
4,98.77254901960784,99.63529411764706
4,104.6078431372549,104.13333333333334
4,84.47058823529412,96.06666666666666
4,98.40392156862745,104.26274509803922
4,93.46666666666667,95.36470588235294
4,95.15686274509804,114.87450980392157
4,83.2,97.78039215686275
4,102.5921568627451,102.96078431372548
4,86.75294117647059,101.6156862745098
4,88.7843137254902,90.52941176470588
4,101.80392156862744,95.92549019607843
4,89.30980392156863,112.52941176470588
4,98.35686274509804,82.18039215686275
4,97.94509803921568,128.71764705882353
4,86.89803921568627,95.29411764705883
4,98.51764705882353,95.58039215686274
4,87.85098039215686,98.62745098039215
4,100.6,101.41568627450981
4,89.17254901960784,80.54117647058824
4,83.12156862745098,97.80392156862744
4,94.4,115.53333333333333
4,106.48235294117647,102.59607843137255
4,95.88627450980393,89.13333333333334
4,102.15294117647059,92.75686274509803
4,89.68235294117648,94.57254901960785
4,93.13333333333334,97.42745098039215
4,88.65098039215687,102.12549019607843
4,82.87450980392157,94.6078431372549
4,105.55686274509804,105.90196078431373
4,107.87843137254902,115.19607843137256
4,95.44705882352942,112.56470588235294
4,101.31764705882352,111.46274509803922
4,90.34901960784313,113.67058823529412
4,95.53725490196078,95.00784313725491
4,92.10980392156863,66.31372549019608
4,105.03137254901961,107.24313725490197
4,94.39607843137254,105.61960784313726
4,105.17647058823529,123.4078431372549
4,97.62745098039215,96.19607843137256
4,107.49019607843137,99.17254901960784
4,96.7607843137255,112.67450980392157
4,94.01176470588236,104.81960784313725
4,86.34117647058824,107.10588235294118
4,102.4,106.49803921568628
4,93.6313725490196,105.05098039215686
4,104.86274509803921,102.68627450980392
4,98.52549019607844,113.93725490196078
4,101.87450980392157,95.83529411764705
4,82.13333333333334,97.63921568627451
4,95.19607843137256,101.45882352941176
4,98.50196078431372,106.83921568627451
4,91.7764705882353,102.47843137254903
4,87.88235294117646,101.36470588235294
4,98.92156862745098,90.05490196078432
4,101.88235294117646,116.08627450980393
4,83.37254901960785,92.89019607843137
4,99.69019607843137,105.61176470588235
4,85.27843137254902,104.82745098039216
4,105.43137254901961,117.27843137254902
4,103.79607843137255,109.49019607843137
4,99.48627450980392,101.49019607843137
4,99.81960784313725,107.95294117647059
4,83.52156862745097,100.22745098039216
4,100.30588235294118,115.52941176470588
4,98.45098039215686,108.86666666666666
4,98.12156862745098,110.72941176470589
4,91.70196078431373,116.44313725490196
4,95.73725490196078,109.3921568627451
4,97.97647058823529,122.73333333333333
4,93.97254901960784,106.85490196078432
4,83.3529411764706,96.07843137254902
4,99.60392156862746,111.0
4,90.79607843137255,105.78039215686275
4,100.04705882352941,106.41176470588235
4,89.50980392156863,97.33333333333333
4,87.48235294117647,109.37647058823529
4,98.70980392156862,117.65490196078431
4,101.6313725490196,118.18039215686275
4,92.45490196078431,106.05882352941177
4,91.3921568627451,90.08235294117647
4,87.31764705882352,102.0156862745098
4,92.33725490196079,93.15294117647059
4,87.08235294117647,89.8078431372549
4,96.47450980392156,100.47843137254903
4,89.16470588235295,97.13333333333334
4,87.90196078431373,93.97647058823529
4,102.10980392156863,106.6470588235294
4,93.78823529411764,108.38823529411765
4,85.31372549019608,110.58823529411765
4,84.25882352941177,101.95294117647059
4,92.16470588235295,113.09411764705882
4,96.18823529411765,90.05490196078432
4,97.70196078431373,92.03921568627452
4,82.13333333333334,100.02352941176471
4,103.7921568627451,110.96470588235294
4,101.53725490196078,86.02745098039216
4,86.89411764705882,90.87843137254902
4,96.71372549019608,101.78039215686275
4,101.61960784313726,91.91372549019607
4,87.56078431372549,104.33725490196079
4,100.81960784313725,105.28235294117647
4,90.35686274509804,87.60392156862746
4,86.02745098039216,107.50980392156863
4,86.18823529411765,118.03137254901961
4,99.34509803921569,114.49019607843137
4,101.35686274509804,97.79607843137255
4,90.55686274509804,112.74117647058823
4,82.49803921568628,93.03137254901961
4,84.07450980392157,93.17647058823529
4,91.1843137254902,93.8156862745098
4,97.52549019607844,104.63921568627451
4,84.81960784313725,102.60392156862746
4,83.45490196078431,90.63529411764706
4,92.68627450980392,76.04705882352941
4,87.10588235294118,83.88235294117646
4,106.20392156862745,114.92941176470588
4,96.3921568627451,111.88235294117646
4,104.86666666666666,107.33333333333333
4,103.51372549019608,83.85098039215686
4,91.63529411764706,109.7764705882353
4,95.04705882352941,100.12941176470588
4,88.00392156862745,94.2078431372549
4,100.0156862745098,111.56862745098039
4,96.07843137254902,92.64313725490196
4,86.83529411764705,86.89411764705882
4,97.95686274509804,100.58823529411765
4,93.62352941176471,108.55294117647058
4,103.7921568627451,100.2392156862745
4,98.46274509803922,119.3921568627451
4,93.7607843137255,119.54117647058824
4,95.7843137254902,108.21176470588236
4,103.37254901960785,116.25098039215686
4,91.18039215686275,101.05490196078432
4,84.2392156862745,104.71372549019608
4,104.85490196078432,123.78039215686275
4,103.33333333333333,109.75686274509803
4,95.50588235294117,127.43921568627451
4,89.52941176470588,114.54117647058824
4,92.59607843137255,113.31764705882352
4,84.07450980392157,99.1843137254902
4,107.14117647058823,105.20392156862745
4,90.29411764705883,100.28235294117647
4,94.09019607843138,107.0
4,105.29411764705883,120.42745098039215
4,89.85882352941177,98.49019607843137
4,107.2156862745098,106.28235294117647
4,92.91372549019607,119.21960784313725
4,106.62352941176471,101.56078431372549
4,100.58431372549019,127.85490196078432
4,93.03529411764706,113.93333333333334
4,94.78823529411764,95.24313725490197
4,86.83921568627451,93.42745098039215
4,91.56078431372549,109.70196078431373
4,96.61176470588235,107.61960784313726
4,85.58823529411765,84.73725490196078
4,103.93333333333334,87.93725490196078
4,96.11764705882354,115.96470588235294
4,99.50980392156863,101.04313725490196
4,87.54509803921569,90.58823529411765
4,99.97254901960784,104.06666666666666
4,95.4078431372549,110.71372549019608
4,87.2156862745098,95.48627450980392
4,88.48235294117647,88.7921568627451
4,88.93725490196078,124.72549019607843
4,105.71764705882353,107.6313725490196
4,83.02352941176471,107.65882352941176
4,82.40392156862745,97.88235294117646
4,100.89411764705882,124.4078431372549
4,105.1843137254902,100.82745098039216
4,88.38823529411765,80.7921568627451
4,97.49019607843137,111.66274509803921
4,87.6313725490196,88.6313725490196
4,102.2078431372549,126.62745098039215
4,103.47450980392156,96.57254901960785
4,103.53725490196078,117.70196078431373
4,105.94117647058823,110.26666666666667
4,105.97647058823529,99.23137254901961
4,98.06274509803922,116.25882352941177
4,87.85882352941177,91.40392156862745
4,89.67450980392157,117.16078431372549
4,83.07450980392157,102.33333333333333
4,95.92941176470588,108.91372549019607
4,89.72549019607843,104.75686274509803
4,90.2,115.84705882352941
4,104.1921568627451,95.7921568627451
4,93.55686274509804,109.67450980392157
4,103.6156862745098,102.12941176470588
4,84.83529411764705,88.00784313725491
5,97.87843137254902,117.23137254901961
5,103.55686274509804,122.3686274509804
5,108.64313725490196,115.60392156862746
5,107.83921568627451,132.52941176470588
5,108.45882352941176,134.95294117647057
5,88.75294117647059,134.65490196078431
5,102.29411764705883,131.8235294117647
5,93.55686274509804,127.3921568627451
5,92.17254901960784,120.48627450980392
5,93.03137254901961,127.72941176470589
5,93.47058823529412,107.85882352941177
5,93.59607843137255,126.12941176470588
5,84.6313725490196,119.09411764705882
5,101.23137254901961,128.07843137254903
5,98.31372549019608,119.87843137254902
5,101.82745098039216,141.3764705882353
5,95.49803921568628,105.74117647058823
5,87.80392156862744,130.30980392156863
5,91.32941176470588,115.18823529411765
5,101.58823529411765,117.13333333333334
5,86.63921568627451,126.58039215686274
5,106.84705882352941,128.77254901960785
5,93.3843137254902,130.72941176470587
5,110.27843137254902,131.88235294117646
5,113.7921568627451,131.1607843137255
5,92.46666666666667,125.31764705882352
5,88.37254901960785,125.56078431372549
5,107.36078431372549,129.46274509803922
5,97.4078431372549,132.92549019607844
5,95.41176470588235,135.22745098039215
5,106.9843137254902,123.92549019607843
5,114.01960784313725,122.12549019607843
5,112.9843137254902,125.13333333333334
5,91.87450980392157,134.6392156862745
5,106.40392156862745,115.89411764705882
5,107.96078431372548,111.36470588235294
5,94.00784313725491,128.2627450980392
5,92.27843137254902,111.76470588235294
5,101.28627450980392,124.99607843137255
5,103.17254901960784,117.85098039215686
5,99.00392156862745,127.77254901960784
5,115.12156862745098,116.65882352941176
5,109.38039215686274,116.72941176470589
5,97.45098039215686,112.9843137254902
5,88.52549019607844,115.33725490196079
5,100.78823529411764,118.02352941176471
5,95.45882352941176,118.10196078431373
5,91.8078431372549,132.28235294117647
5,106.8156862745098,134.8470588235294
5,95.86666666666666,133.72156862745098
5,95.41176470588235,127.49411764705883
5,95.94117647058823,134.2156862745098
5,86.75686274509803,122.53725490196078
5,105.31764705882352,142.81960784313725
5,91.3921568627451,120.69803921568628
5,95.56470588235294,135.6313725490196
5,102.48627450980392,121.8313725490196
5,99.40392156862745,116.07843137254902
5,107.72549019607843,117.63921568627451
5,85.94901960784314,123.15294117647059
5,98.11372549019607,124.28627450980392
5,92.29019607843138,126.98823529411764
5,102.92549019607843,131.30196078431374
5,102.6313725490196,124.69411764705882
5,103.43921568627451,139.18039215686275
5,98.18823529411765,131.95294117647057
5,101.04705882352941,124.28235294117647
5,110.25882352941177,124.88627450980393
5,98.46274509803922,139.38039215686274
5,98.01176470588236,131.24705882352941
5,99.88627450980393,122.52549019607844
5,91.70588235294117,110.10588235294118
5,107.47058823529412,130.24705882352941
5,105.74117647058823,129.54509803921567
5,103.52941176470588,117.05098039215686
5,102.72549019607843,121.3921568627451
5,94.12941176470588,133.89019607843136
5,102.6156862745098,119.47450980392156
5,97.94901960784314,135.83137254901962
5,109.2392156862745,119.3686274509804
5,94.30588235294118,109.61960784313726
5,103.36470588235294,121.27058823529411
5,103.69803921568628,121.51372549019608
5,104.98823529411764,140.84313725490196
5,108.18823529411765,136.64313725490197
5,97.24313725490197,137.0313725490196
5,100.0,137.11764705882354
5,98.61176470588235,133.0078431372549
5,91.32941176470588,121.87843137254902
5,106.2392156862745,135.65098039215687
5,89.78039215686275,129.01176470588234
5,95.29019607843138,120.07450980392157
5,108.31764705882352,121.80392156862744
5,88.99607843137255,118.69411764705882
5,90.39607843137254,109.6
5,96.21176470588236,134.9921568627451
5,94.83529411764705,137.51372549019607
5,104.42745098039215,128.6313725490196
5,96.62745098039215,115.73333333333333
5,84.9843137254902,129.8235294117647
5,102.28627450980392,131.2549019607843
5,88.81960784313725,128.91764705882352
5,89.39607843137254,111.83921568627451
5,90.1843137254902,113.47058823529412
5,97.29411764705883,112.34117647058824
5,100.49019607843137,118.09019607843138
5,102.47058823529412,114.3529411764706
5,116.25882352941177,127.2
5,106.89019607843137,117.34901960784313
5,89.67450980392157,125.05882352941177
5,109.05490196078432,139.52941176470588
5,106.88627450980393,126.87843137254902
5,92.6078431372549,127.2392156862745
5,92.28235294117647,112.38823529411765
5,100.33333333333333,122.14901960784314
5,100.02745098039216,121.92156862745098
5,106.10196078431373,116.86274509803921
5,107.27450980392157,129.67450980392158
5,111.03921568627452,121.72156862745098
5,91.69803921568628,117.65098039215687
5,89.15686274509804,113.83529411764705
5,99.84705882352941,114.74117647058823
5,109.04313725490196,125.27450980392157
5,113.21960784313725,107.04313725490196
5,110.06666666666666,121.76470588235294
5,91.95294117647059,110.29019607843138
5,103.89411764705882,132.96470588235294
5,96.31372549019608,99.1686274509804
5,93.6078431372549,127.47843137254903
5,94.31372549019608,128.2156862745098
5,92.23529411764706,120.82745098039216
5,96.2235294117647,116.66666666666667
5,102.05098039215686,132.10196078431372
5,100.81960784313725,120.50980392156863
5,116.8156862745098,120.62745098039215
5,90.00784313725491,122.07058823529412
5,117.10196078431373,110.02352941176471
5,106.6,112.96078431372548
5,99.79607843137255,116.79607843137255
5,87.96862745098039,114.66666666666667
5,107.2156862745098,136.0
5,107.32156862745099,110.82745098039216
5,89.26274509803922,117.82352941176471
5,88.99607843137255,122.49411764705883
5,100.38039215686274,129.94117647058823
5,93.82352941176471,112.43137254901961
5,88.83529411764705,118.37254901960785
5,94.6,118.5764705882353
5,110.90980392156862,120.33725490196079
5,99.37254901960785,125.06274509803922
5,88.26666666666667,116.99607843137255
5,103.24313725490197,130.28235294117647
5,116.5921568627451,116.35686274509804
5,87.3686274509804,122.28627450980392
5,90.17254901960784,132.51372549019607
5,88.65098039215687,123.21176470588236
5,100.70980392156862,125.84313725490196
5,97.26274509803922,113.73725490196078
5,92.6470588235294,119.10196078431373
5,85.24705882352941,119.38039215686274
5,89.37254901960785,123.99607843137255
5,107.47058823529412,91.41176470588235
5,95.72156862745098,122.36078431372549
5,108.43921568627451,103.0156862745098
5,93.2156862745098,113.50588235294117
5,95.89019607843137,135.1921568627451
5,95.37647058823529,129.47450980392156
5,98.86274509803921,111.58431372549019
5,110.01960784313725,123.58431372549019
5,99.8,129.04313725490195
5,92.61176470588235,106.85490196078432
5,98.45882352941176,111.63921568627451
5,98.84705882352941,119.10196078431373
5,86.43137254901961,117.86666666666666
5,92.51372549019608,121.81176470588235
5,100.05490196078432,126.98823529411764
5,97.69411764705882,134.27450980392157
5,92.68627450980392,136.24313725490197
5,104.8156862745098,111.77254901960784
5,97.19607843137256,102.96470588235294
5,105.90196078431373,107.61960784313726
5,112.25490196078431,135.20392156862746
5,85.75686274509803,127.43529411764706
5,116.56470588235294,147.7921568627451
5,97.8313725490196,132.2627450980392
5,95.08627450980393,121.75294117647059
5,115.27843137254902,134.20392156862746
5,96.45098039215686,109.59607843137255
5,86.0,118.03529411764706
5,100.2235294117647,131.67450980392158
5,105.47058823529412,125.03921568627452
5,89.02745098039216,115.85882352941177
5,103.06274509803922,127.1921568627451
5,94.98039215686275,130.87843137254902
5,88.37254901960785,123.2156862745098
5,91.68627450980392,125.81176470588235
5,88.27843137254902,132.13725490196077
5,90.44313725490196,133.09803921568627
5,102.56862745098039,112.02352941176471
5,99.50196078431372,133.49803921568628
5,100.9843137254902,127.2078431372549
5,112.63529411764706,113.51372549019608
5,109.01960784313725,114.6078431372549
5,104.0156862745098,130.2549019607843
5,92.12941176470588,123.42745098039215
5,92.16078431372549,108.89803921568627
5,88.04313725490196,104.98823529411764
5,93.24705882352941,123.15294117647059
5,91.30588235294118,133.67450980392158
5,89.14509803921568,130.30588235294118
5,111.80392156862744,124.40392156862745
5,104.2078431372549,104.1921568627451
5,95.67058823529412,115.78823529411764
5,96.44313725490196,122.49019607843137
5,115.81960784313725,132.74901960784314
5,102.13725490196079,124.2392156862745
5,107.68627450980392,121.41568627450981
5,85.75294117647059,122.46666666666667
5,94.03529411764706,121.66666666666667
5,90.05098039215686,110.57254901960785
5,104.1843137254902,122.99607843137255
5,94.01960784313725,129.34509803921569
5,109.4,114.05098039215686
5,95.01176470588236,142.85882352941175
5,85.99215686274509,128.91764705882352
5,108.29019607843138,117.69411764705882
5,103.2235294117647,130.01568627450982
5,97.90196078431373,137.18039215686275
5,86.72549019607843,115.16470588235295
5,88.72156862745098,118.71764705882353
5,106.89803921568627,115.96470588235294
5,87.03137254901961,125.8156862745098
5,107.43137254901961,129.30980392156863
5,113.7921568627451,110.94509803921568
5,93.78039215686275,135.98823529411766
5,86.70588235294117,121.87843137254902
5,111.5921568627451,121.11764705882354
5,100.60392156862746,111.14901960784314
5,85.84705882352941,119.9843137254902
5,85.49803921568628,116.62352941176471
5,97.80392156862744,127.6470588235294
5,104.2,122.43529411764706
5,87.37647058823529,122.11764705882354
5,103.51764705882353,130.87843137254902
5,93.27058823529411,132.4
5,104.95686274509804,125.92549019607843
5,97.29019607843138,135.23921568627452
5,110.86666666666666,134.8
5,86.09803921568627,120.00784313725491
5,110.54901960784314,112.26274509803922
5,87.04705882352941,121.05490196078432
5,96.26274509803922,124.93333333333334
5,88.12549019607843,118.65098039215687
5,115.14509803921568,127.33333333333333
5,93.05098039215686,125.70980392156862
5,107.54509803921569,109.15294117647059
5,101.12941176470588,118.54901960784314
5,101.31764705882352,130.7372549019608
5,99.75686274509803,112.54509803921569
5,86.71372549019608,120.4078431372549
5,103.91764705882353,136.92549019607844
5,107.09803921568627,139.31372549019608
5,101.68235294117648,124.75294117647059
5,93.50980392156863,121.4
5,85.92941176470588,119.16470588235295
5,107.01960784313725,123.45098039215686
5,93.96470588235294,130.5921568627451
5,113.55686274509804,137.89803921568628
5,97.90980392156862,117.30980392156863
5,95.85882352941177,125.58823529411765
5,100.51764705882353,136.05882352941177
5,91.4,122.23529411764706
5,98.74901960784314,126.07843137254902
5,104.56862745098039,126.72549019607843
5,89.20392156862745,118.16470588235295
5,105.29803921568627,124.27058823529411
5,86.96470588235294,124.50980392156863
5,102.47450980392156,137.76078431372548
5,109.01960784313725,115.35686274509804
5,95.6470588235294,125.79607843137255
5,101.37254901960785,120.7607843137255
5,99.7921568627451,141.74901960784314
5,88.79607843137255,127.25490196078431
5,90.71372549019608,122.65490196078431
5,103.52941176470588,136.27058823529413
5,92.01960784313725,126.68235294117648
5,106.43529411764706,135.87058823529412
5,105.06274509803922,130.5921568627451
5,94.09803921568627,128.8392156862745
5,107.74117647058823,126.23529411764706
5,95.87843137254902,137.1843137254902
5,93.26666666666667,118.74901960784314
5,113.76470588235294,127.70588235294117
5,85.14901960784314,122.1843137254902
5,99.21176470588236,127.64313725490196
5,104.63529411764706,136.10196078431372
5,97.54117647058824,118.82352941176471
5,99.4,103.21176470588236
5,88.4235294117647,114.50980392156863
5,105.13725490196079,129.76470588235293
5,93.35686274509804,131.27843137254902
5,94.97254901960784,118.74509803921569
5,96.25098039215686,125.58431372549019
5,88.94901960784314,123.85882352941177
5,109.18039215686275,125.6313725490196
5,89.28235294117647,117.32941176470588
5,104.58039215686274,116.18039215686275
5,87.8078431372549,127.05490196078432
5,107.80392156862744,116.27843137254902
5,92.83921568627451,137.478431372549
5,90.50196078431372,122.63529411764706
5,91.72156862745098,110.93725490196078
5,116.10196078431373,117.88235294117646
5,97.83529411764705,100.7921568627451
5,87.83529411764705,115.2156862745098
5,85.66666666666667,106.59607843137255
5,105.94901960784314,115.10980392156863
5,105.6156862745098,131.72549019607843
5,107.70980392156862,127.54509803921569
5,102.65490196078431,121.20392156862745
5,92.2078431372549,125.16078431372549
5,89.65882352941176,113.56078431372549
5,90.14117647058823,130.27843137254902
5,91.91372549019607,122.94901960784314
5,98.08235294117647,135.7019607843137
5,105.89019607843137,127.62352941176471
5,100.25098039215686,128.1843137254902
5,89.48627450980392,122.79607843137255
5,103.89803921568627,124.37254901960785
5,99.07058823529412,116.09019607843138
5,89.25882352941177,115.3921568627451
5,89.71764705882353,137.09019607843138
5,111.26274509803922,120.65490196078431
5,87.45882352941176,115.33725490196079
5,95.6,116.6313725490196
5,100.25882352941177,129.03529411764706
5,95.04313725490196,112.47843137254903
5,92.1686274509804,135.92549019607844
5,103.28235294117647,124.34117647058824
5,93.10196078431373,112.06666666666666
5,89.6313725490196,120.60392156862746
5,97.75294117647059,139.54901960784315
5,97.7921568627451,123.6470588235294
5,110.78039215686275,117.67843137254901
5,94.45490196078431,113.15686274509804
5,100.52941176470588,139.46274509803922
5,84.61960784313726,117.51372549019608
5,106.93333333333334,144.05098039215687
5,114.92156862745098,137.75686274509803
5,108.43529411764706,142.15686274509804
5,99.49411764705883,117.6078431372549
5,110.28235294117647,104.23529411764706
5,99.20392156862745,131.34901960784313
5,97.85098039215686,118.48627450980392
5,93.30196078431372,131.53333333333333
5,93.30588235294118,126.54509803921569
5,102.33725490196079,126.31372549019608
5,109.08627450980393,110.30980392156863
5,95.99607843137255,108.95294117647059
5,88.97647058823529,117.32549019607843
5,95.52549019607844,120.37254901960785
5,97.37254901960785,127.1686274509804
5,89.47450980392156,116.40392156862745
5,89.2235294117647,113.41568627450981
5,94.76862745098039,113.89411764705882
5,99.58823529411765,115.09019607843138
5,111.14117647058823,128.14117647058825
5,86.58039215686274,112.77254901960784
5,104.72941176470589,128.63529411764705
5,107.58431372549019,110.58039215686274
5,107.97647058823529,142.92549019607844
5,99.13333333333334,117.65882352941176
5,104.02745098039216,131.65490196078431
5,94.45098039215686,133.38823529411764
5,102.12941176470588,128.80392156862746
5,108.87843137254902,108.94901960784314
5,94.89803921568627,111.27450980392157
5,86.26274509803922,103.78823529411764
5,109.79607843137255,119.96078431372548
5,107.99215686274509,136.28235294117647
5,99.1686274509804,107.33725490196079
5,103.8,127.02745098039216
5,92.50980392156863,127.65490196078431
5,95.85098039215686,116.83921568627451
5,96.65490196078431,119.08627450980393
5,91.2078431372549,125.03529411764706
5,96.10980392156863,123.55294117647058
5,114.55686274509804,148.10196078431372
5,103.79607843137255,122.06274509803922
5,103.15686274509804,120.82352941176471
5,111.72156862745098,131.53725490196078
5,93.7843137254902,131.31372549019608
5,86.30196078431372,114.55294117647058
5,111.55294117647058,132.48235294117646
5,96.76470588235294,113.67058823529412
5,91.04313725490196,116.3686274509804
5,105.06274509803922,113.7764705882353
5,111.18823529411765,128.38039215686274
5,103.07843137254902,134.27450980392157
5,87.44705882352942,130.5843137254902
5,91.69411764705882,127.16470588235295
5,111.07843137254902,129.85098039215686
5,101.54901960784314,134.88235294117646
5,96.81176470588235,132.30588235294118
5,96.14901960784314,114.18039215686275
5,91.78823529411764,117.3843137254902
5,110.22745098039216,133.30196078431374
5,101.91764705882353,130.10196078431372
5,86.31372549019608,114.5921568627451
5,107.45490196078431,101.8313725490196
5,89.56470588235294,109.56862745098039
5,102.59607843137255,136.47058823529412
5,101.90196078431373,129.16470588235293
5,93.94901960784314,114.50980392156863
5,96.65882352941176,121.30588235294118
5,103.89019607843137,128.6156862745098
5,105.89803921568627,112.52156862745097
5,94.28235294117647,106.28235294117647
5,84.9843137254902,120.32941176470588
5,113.30588235294118,128.07843137254903
5,104.87450980392157,131.18039215686275
5,97.75294117647059,134.67450980392158
5,95.06666666666666,125.3843137254902
5,103.6156862745098,122.50588235294117
5,107.18039215686275,126.31764705882352
5,115.12156862745098,114.8078431372549
5,99.99215686274509,101.0
5,90.18823529411765,132.0392156862745
5,103.45882352941176,128.4392156862745
5,107.7607843137255,115.17647058823529
5,98.12941176470588,126.3529411764706
5,103.33725490196079,132.4078431372549
5,87.29411764705883,120.70196078431373
5,88.09411764705882,122.73333333333333
5,114.97647058823529,117.43137254901961
5,102.00784313725491,127.47450980392156
5,99.04313725490196,126.52941176470588
5,95.12941176470588,126.74509803921569
5,103.67058823529412,128.17254901960786
5,85.2235294117647,124.29019607843138
5,88.2392156862745,121.18823529411765
5,102.11764705882354,120.91764705882353
5,96.54901960784314,125.83921568627451
5,110.27058823529411,116.61960784313726
5,97.93725490196078,138.78039215686275
5,99.66274509803921,114.29019607843138
5,109.41568627450981,128.79607843137254
5,93.7607843137255,118.74901960784314
5,101.86666666666666,130.52549019607844
5,93.98823529411764,115.49803921568628
5,90.1843137254902,120.30980392156863
5,106.92156862745098,94.04313725490196
5,98.27450980392157,126.6470588235294
5,98.00784313725491,128.42352941176472
5,96.43921568627451,131.38039215686274
5,110.56078431372549,119.75294117647059
5,92.56470588235294,138.44313725490196
5,86.26666666666667,122.53725490196078
5,97.17647058823529,132.86666666666667
5,105.11372549019607,136.8156862745098
5,97.5921568627451,117.38823529411765
5,88.33725490196079,125.52156862745097
5,103.66666666666667,134.7686274509804
5,109.55686274509804,143.31372549019608
5,99.77254901960784,99.70588235294117
5,102.43137254901961,121.3686274509804
5,98.37647058823529,98.09019607843138
5,102.2156862745098,117.44705882352942
5,88.40392156862745,114.33333333333333
5,91.71764705882353,131.22745098039215
5,108.11764705882354,131.38823529411764
5,87.86274509803921,108.4
5,101.93725490196078,131.8235294117647
5,102.11764705882354,123.44313725490196
5,97.86666666666666,134.35686274509803
5,89.26666666666667,123.05098039215686
5,105.6470588235294,137.23921568627452
5,98.06666666666666,119.77254901960784
5,101.44705882352942,111.89803921568627
5,92.72156862745098,123.71372549019608
5,96.0156862745098,139.43529411764706
5,99.78039215686275,143.74117647058824
5,111.52156862745097,129.63529411764705
5,99.24705882352941,132.71764705882353
5,110.91372549019607,131.38823529411764
5,95.43921568627451,128.3843137254902
5,94.80392156862744,116.34509803921569
5,106.44705882352942,115.48235294117647
5,101.96078431372548,127.47450980392156
5,91.32941176470588,116.37647058823529
5,85.8156862745098,114.53333333333333
5,105.56470588235294,139.4392156862745
5,96.45882352941176,120.09803921568627
5,98.14509803921568,134.24705882352941
5,87.41568627450981,109.96078431372548
5,97.3843137254902,126.42745098039215
5,90.88235294117646,122.76862745098039
5,103.11372549019607,119.28235294117647
5,92.00784313725491,133.3294117647059
5,96.02352941176471,122.41960784313726
5,111.6313725490196,134.63529411764705
5,102.09411764705882,126.84705882352941
5,112.27058823529411,124.98823529411764
5,98.69803921568628,122.8
5,105.32941176470588,98.10980392156863
5,96.89803921568627,120.26666666666667
5,106.6156862745098,117.96862745098039
5,91.2078431372549,122.6
5,98.06274509803922,115.72941176470589
5,103.98039215686275,127.14901960784314
5,106.45490196078431,101.50588235294117
5,107.3921568627451,121.98039215686275
5,95.80392156862744,130.25882352941176
5,105.94509803921568,129.48235294117646
5,90.03921568627452,110.52156862745097
5,108.15686274509804,137.8078431372549
5,89.50980392156863,120.28235294117647
5,103.93725490196078,134.53333333333333
5,101.61960784313726,101.8
5,114.16470588235295,141.94117647058823
5,97.31764705882352,114.73725490196078
5,86.0156862745098,125.04313725490196
5,94.71764705882353,120.78823529411764
5,107.55294117647058,112.90588235294118
5,97.27843137254902,116.45882352941176
5,96.14901960784314,124.41960784313726
5,96.14901960784314,110.09411764705882
5,95.16078431372549,121.6156862745098
5,87.53725490196078,130.47450980392156
5,99.31764705882352,134.14901960784314
5,101.85490196078432,138.30980392156863
5,97.67450980392157,133.51764705882354
5,112.05098039215686,125.32941176470588
5,107.1921568627451,142.07843137254903
5,107.34509803921569,129.57254901960783
5,94.2156862745098,112.30196078431372
5,110.06274509803922,132.66666666666666
5,111.55294117647058,125.25882352941177
5,93.59607843137255,132.27058823529413
5,110.14117647058823,129.71372549019608
5,102.58823529411765,136.4470588235294
5,104.26666666666667,133.78039215686275
5,98.33333333333333,131.07843137254903
5,87.11764705882354,109.49803921568628
5,108.69411764705882,137.04705882352943
5,95.70196078431373,139.02745098039216
5,97.68235294117648,124.14117647058823
5,107.81960784313725,122.1686274509804
5,91.61960784313726,116.49411764705883
5,93.11764705882354,119.93333333333334
5,88.82352941176471,127.34509803921569
5,98.23137254901961,137.18823529411765
5,100.65490196078431,106.84313725490196
5,97.1843137254902,133.1529411764706
5,90.0,124.1843137254902
5,109.23137254901961,121.31764705882352
5,109.92549019607843,120.18823529411765
5,92.46666666666667,126.4
5,86.66274509803921,119.1921568627451
5,90.94509803921568,123.83529411764705
5,92.62745098039215,124.33725490196079
5,85.43137254901961,125.00784313725491
5,100.8156862745098,135.5607843137255
5,105.99215686274509,107.12156862745098
5,108.4235294117647,132.40392156862745
5,104.52941176470588,108.52549019607844
5,105.43921568627451,132.49019607843138
5,91.79607843137255,133.80392156862746
5,109.65490196078431,134.13333333333333
5,104.15294117647059,129.38039215686274
5,84.67843137254901,118.89803921568627
5,105.68627450980392,123.39607843137254
5,113.05098039215686,113.89019607843137
5,110.72549019607843,125.39607843137254
5,99.30588235294118,124.05098039215686
5,101.17254901960784,140.49803921568628
